"simulation_run","simulation_scenario","seed"
1,1,945621203
1,2,204538866
1,3,1260163539
1,4,2124074816
1,5,-1126327679
1,6,-1667562756
1,7,-248547963
1,8,-998828969
2,1,500844241
2,2,-1459678291
2,3,1721036805
2,4,-1567446269
2,5,1648720609
2,6,-1748474411
2,7,1478016310
2,8,1552066475
3,1,-1505950942
3,2,1061751816
3,3,880704307
3,4,1800934233
3,5,-1966859918
3,6,-144997580
3,7,393792043
3,8,-1937120916
4,1,-661857868
4,2,51569847
4,3,1268406002
4,4,-274587628
4,5,-1290001384
4,6,1896210263
4,7,1906074893
4,8,169485666
5,1,-1719014618
5,2,1586894054
5,3,490405741
5,4,-405645163
5,5,2061366298
5,6,2014503219
5,7,1276364482
5,8,597099475
6,1,1544477460
6,2,428874837
6,3,1182400565
6,4,632038506
6,5,-509448035
6,6,-907041760
6,7,1354308086
6,8,1646401495
7,1,-1784056991
7,2,446583988
7,3,-1880829339
7,4,-950819645
7,5,1842968023
7,6,-1603012859
7,7,-1048273907
7,8,-570531085
8,1,-1710871193
8,2,-510029091
8,3,1438451069
8,4,1375542699
8,5,1578104879
8,6,-79308267
8,7,-641001671
8,8,-290342599
